Company,dReceievedDate,Country,status,Processed,ProcessedDate,Source,Currency,PostageCosts,Subtotal,PostageCostExTax,CountryTaxRate,Total,Tax,OrderItemSKU,OrderItemTitle,ItemCategory,OrderItemQuantity,ProductSalePrice,OrderItemTaxRate,OrderItemCostExTax,OrderItemCostIncTax,TotalAfterExComsion,DispatchStockUnitCost,TotalWeight,PurchasePrice,Profit,TrackingNumber,Payment Method
,20/07/2014 13:38,United Kingdom,PAID,TRUE,23/07/2014 22:23,website,GBP,0,12.25,0,0,12.25,0,2401,Interlocking Hearts design cake knife/server set,Default,1,12.25,0.826938776,12.25,12.25,10.13,0,,9.8,0.33,,Default
,20/07/2014 14:19,United Kingdom,PAID,TRUE,23/07/2014 22:35,website,GBP,0,12.25,0,0,12.25,0,2401,Interlocking Hearts design cake knife/server set,Default,1,12.25,0.826938776,12.25,12.25,10.13,0,,9.8,0.33,,Default
,20/07/2014 20:46,United Kingdom,PAID,TRUE,22/07/2014 15:44,website,GBP,0,13.25,0,0,13.25,0,2401,Interlocking Hearts design cake knife/server set,Default,1,13.25,0.826938776,13.25,13.25,10.95693878,0,,9.8,1.156938776,,Default
,21/07/2014 14:26,United Kingdom,PAID,TRUE,23/07/2014 14:47,website,GBP,0,13.25,0,0,13.25,0,2401,Interlocking Hearts design cake knife/server set,Default,1,13.25,0.826938776,13.25,13.25,10.95693878,0,,9.8,1.156938776,,Default
,21/07/2014 14:30,United Kingdom,PAID,TRUE,25/07/2014 09:00,website,GBP,0,13.25,0,0,13.25,0,2401,Interlocking Hearts design cake knife/server set,Default,1,13.25,0.826938776,13.25,13.25,10.95693878,0,,9.8,1.156938776,,Default
,21/07/2014 15:05,United Kingdom,PAID,TRUE,25/07/2014 08:57,website,GBP,0,13.25,0,0,13.25,0,2401,Interlocking Hearts design cake knife/server set,Default,1,13.25,0.826938776,13.25,13.25,10.95693878,0,,9.8,1.156938776,,Default
,22/07/2014 09:11,United Kingdom,PAID,TRUE,23/07/2014 14:46,website,GBP,0,13.25,0,0,13.25,0,2401,Interlocking Hearts design cake knife/server set,Default,1,13.25,0.826938776,13.25,13.25,10.95693878,0,,9.8,1.156938776,,Default
,22/07/2014 19:59,United Kingdom,PAID,TRUE,26/07/2014 08:56,website,GBP,0,13.25,0,0,13.25,0,2401,Interlocking Hearts design cake knife/server set,Default,1,13.25,0.826938776,13.25,13.25,10.95693878,0,,9.8,1.156938776,,Default
,22/07/2014 23:29,United Kingdom,PAID,TRUE,26/07/2014 09:01,website,GBP,0,13.25,0,0,13.25,0,2401,Interlocking Hearts design cake knife/server set,Default,1,13.25,0.826938776,13.25,13.25,10.95693878,0,,9.8,1.156938776,,Default
,22/07/2014 23:02,United Kingdom,PAID,TRUE,26/07/2014 08:59,website,GBP,0,13.25,0,0,13.25,0,2401,Interlocking Hearts design cake knife/server set,Default,1,13.25,0.826938776,13.25,13.25,10.95693878,0,,9.8,1.156938776,,Default
,23/07/2014 12:51,United Kingdom,PAID,TRUE,28/07/2014 15:40,website,GBP,0,13.25,0,0,13.25,0,2401,Interlocking Hearts design cake knife/server set,Default,1,13.25,0.826938776,13.25,13.25,10.95693878,0,,9.8,1.156938776,5356559749,Default
,23/07/2014 16:21,United Kingdom,PAID,TRUE,29/07/2014 14:25,website,GBP,0,13.25,0,0,13.25,0,2401,Interlocking Hearts design cake knife/server set,Default,1,13.25,0.826938776,13.25,13.25,10.95693878,0,,9.8,1.156938776,,Default
,23/07/2014 23:23,United Kingdom,RESEND,TRUE,29/07/2014 14:08,DIRECT,GBP,0,0,0,0,0,0,2401,Interlocking Hearts design cake knife/server set,Default,1,0,0.826938776,0,0,0,0,,9.8,-9.8,,Default
,23/07/2014 23:35,United Kingdom,RESEND,TRUE,29/07/2014 14:19,DIRECT,GBP,0,0,0,0,0,0,2401,Interlocking Hearts design cake knife/server set,Default,1,0,0.826938776,0,0,0,0,,9.8,-9.8,,Default
,23/07/2014 23:05,United Kingdom,PAID,TRUE,29/07/2014 14:16,website,GBP,0,14.25,0,0,14.25,0,2401,Interlocking Hearts design cake knife/server set,Default,1,14.25,0.826938776,14.25,14.25,11.78387755,0,,9.8,1.983877551,,Default
,24/07/2014 13:26,United Kingdom,PAID,TRUE,29/07/2014 15:11,website,GBP,0,14.25,0,0,14.25,0,2401,Interlocking Hearts design cake knife/server set,Default,1,14.25,0.826938776,14.25,14.25,11.78387755,0,,9.8,1.983877551,JA166016074GB,Default
,24/07/2014 14:09,United Kingdom,PAID,TRUE,29/07/2014 14:15,website,GBP,0,14.25,0,0,14.25,0,2401,Interlocking Hearts design cake knife/server set,Default,1,14.25,0.826938776,14.25,14.25,11.78387755,0,,9.8,1.983877551,,Default
,24/07/2014 19:29,United Kingdom,PAID,TRUE,29/07/2014 14:24,website,GBP,0,14.25,0,0,14.25,0,2401,Interlocking Hearts design cake knife/server set,Default,1,14.25,0.826938776,14.25,14.25,11.78387755,0,,9.8,1.983877551,,Default
,25/07/2014 09:58,United Kingdom,RESEND,TRUE,29/07/2014 14:11,DIRECT,GBP,0,0,0,0,0,0,2401,Interlocking Hearts design cake knife/server set,Default,1,0,0.826938776,0,0,0,0,,9.8,-9.8,,Default
,25/07/2014 10:00,United Kingdom,RESEND,TRUE,29/07/2014 14:23,DIRECT,GBP,0,0,0,0,0,0,2401,Interlocking Hearts design cake knife/server set,Default,1,0,0.826938776,0,0,0,0,,9.8,-9.8,,Default
,26/07/2014 00:11,United Kingdom,PAID,TRUE,29/07/2014 14:22,website,GBP,0,14.25,0,0,14.25,0,2401,Interlocking Hearts design cake knife/server set,Default,1,14.25,0.826938776,14.25,14.25,11.78387755,0,,9.8,1.983877551,,Default
,26/07/2014 09:57,United Kingdom,RESEND,TRUE,29/07/2014 14:14,DIRECT,GBP,0,0,0,0,0,0,2401,Interlocking Hearts design cake knife/server set,Default,1,0,0.826938776,0,0,0,0,,9.8,-9.8,,Default
,26/07/2014 10:00,United Kingdom,RESEND,TRUE,29/07/2014 14:19,DIRECT,GBP,0,0,0,0,0,0,2401,Interlocking Hearts design cake knife/server set,Default,1,0,0.826938776,0,0,0,0,,9.8,-9.8,,Default
,26/07/2014 10:02,United Kingdom,RESEND,TRUE,29/07/2014 14:21,DIRECT,GBP,0,0,0,0,0,0,2401,Interlocking Hearts design cake knife/server set,Default,1,0,0.826938776,0,0,0,0,,9.8,-9.8,,Default
,26/07/2014 10:49,United Kingdom,PAID,TRUE,29/07/2014 14:20,website,GBP,0,14.1,0,0,14.1,0,2401,Interlocking Hearts design cake knife/server set,Default,1,14.1,0.826938776,14.1,14.1,11.65983673,0,,9.8,1.859836735,,Default
,26/07/2014 17:22,United Kingdom,PAID,TRUE,29/07/2014 14:22,website,GBP,0,14.1,0,0,14.1,0,2401,Interlocking Hearts design cake knife/server set,Default,1,14.1,0.826938776,14.1,14.1,11.65983673,0,,9.8,1.859836735,,Default
,28/07/2014 14:24,United Kingdom,PAID,TRUE,29/07/2014 14:03,website,GBP,0,12.98,0,0,12.98,0,2401,Interlocking Hearts design cake knife/server set,Default,1,12.98,0.826938776,12.98,12.98,10.73366531,0,,9.8,0.933665306,,Default
,29/07/2014 12:41,United Kingdom,PAID,TRUE,30/07/2014 15:39,website,GBP,0,14.1,0,0,14.1,0,2401,Interlocking Hearts design cake knife/server set,Default,1,14.1,0.826938776,14.1,14.1,11.65983673,0,,9.8,1.859836735,,Default
,29/07/2014 14:31,United Kingdom,PAID,TRUE,30/07/2014 15:37,website,GBP,0,13.95,0,0,13.95,0,2401,Interlocking Hearts design cake knife/server set,Default,1,13.95,0.826938776,13.95,13.95,11.53579592,0,,9.8,1.735795918,,Default
,30/07/2014 08:54,United Kingdom,PAID,TRUE,31/07/2014 15:18,website,GBP,0,13.3,0,0,13.3,0,2401,Interlocking Hearts design cake knife/server set,Default,1,13.3,0.826938776,13.3,13.3,10.99828571,0,,9.8,1.198285714,,Default
,30/07/2014 15:04,United Kingdom,PAID,TRUE,31/07/2014 15:22,website,GBP,0,13.25,0,0,13.25,0,2401,Interlocking Hearts design cake knife/server set,Default,1,13.25,0.826938776,13.25,13.25,10.95693878,0,,9.8,1.156938776,,Default
,01/08/2014 11:05,United Kingdom,PAID,TRUE,04/08/2014 18:17,website,GBP,0,12.9,0,0,12.9,0,2401,Interlocking Hearts design cake knife/server set,Default,1,12.9,0.826938776,12.9,12.9,10.6675102,0,,9.8,0.867510204,,Default
,01/08/2014 11:43,United Kingdom,PAID,TRUE,04/08/2014 18:16,website,GBP,0,12.9,0,0,12.9,0,2401,Interlocking Hearts design cake knife/server set,Default,1,12.9,0.826938776,12.9,12.9,10.6675102,0,,9.8,0.867510204,,Default
,05/08/2014 00:34,United Kingdom,RESEND,TRUE,05/08/2014 15:26,DIRECT,GBP,0,0,0,0,0,0,2401,Interlocking Hearts design cake knife/server set,Default,1,0,0.826938776,0,0,0,0,,9.8,-9.8,,Default
,05/08/2014 19:22,United Kingdom,PAID,TRUE,07/08/2014 16:40,website,GBP,0,12,0,0,12,0,2401,Interlocking Hearts design cake knife/server set,Default,1,12,0.826938776,12,12,9.923265306,0,,9.8,0.123265306,,Default
,05/08/2014 21:00,United Kingdom,PAID,TRUE,07/08/2014 16:40,website,GBP,0,12,0,0,12,0,2401,Interlocking Hearts design cake knife/server set,Default,1,12,0.826938776,12,12,9.923265306,0,,9.8,0.123265306,,Default
,06/08/2014 08:07,United Kingdom,PAID,TRUE,07/08/2014 16:39,website,GBP,0,12,0,0,12,0,2401,Interlocking Hearts design cake knife/server set,Default,1,12,0.826938776,12,12,9.923265306,0,,9.8,0.123265306,,Default
,06/08/2014 18:24,United Kingdom,PAID,TRUE,08/08/2014 15:04,website,GBP,0,12,0,0,12,0,2401,Interlocking Hearts design cake knife/server set,Default,1,12,0.826938776,12,12,9.923265306,0,,9.8,0.123265306,,Default
,06/08/2014 21:03,United Kingdom,PAID,TRUE,08/08/2014 15:03,website,GBP,0,12,0,0,12,0,2401,Interlocking Hearts design cake knife/server set,Default,1,12,0.826938776,12,12,9.923265306,0,,9.8,0.123265306,,Default
,06/08/2014 22:55,United Kingdom,PAID,TRUE,08/08/2014 15:02,website,GBP,0,12,0,0,12,0,2401,Interlocking Hearts design cake knife/server set,Default,1,12,0.826938776,12,12,9.923265306,0,,9.8,0.123265306,,Default
,08/08/2014 01:13,United Kingdom,PAID,TRUE,08/08/2014 14:59,website,GBP,0,12,0,0,12,0,2401,Interlocking Hearts design cake knife/server set,Default,1,12,0.826938776,12,12,9.923265306,0,,9.8,0.123265306,,Default
,08/08/2014 22:26,United Kingdom,PAID,TRUE,11/08/2014 16:08,website,GBP,0,12,0,0,12,0,2401,Interlocking Hearts design cake knife/server set,Default,1,12,0.826938776,12,12,9.923265306,0,,9.8,0.123265306,,Default
,09/08/2014 11:36,United Kingdom,PAID,TRUE,11/08/2014 16:09,website,GBP,0,12,0,0,12,0,2401,Interlocking Hearts design cake knife/server set,Default,1,12,0.826938776,12,12,9.923265306,0,,9.8,0.123265306,,Default
,10/08/2014 09:05,United Kingdom,PAID,TRUE,12/08/2014 14:32,website,GBP,0,12,0,0,12,0,2401,Interlocking Hearts design cake knife/server set,Default,1,12,0.826938776,12,12,9.923265306,0,,9.8,0.123265306,,Default
,10/08/2014 13:29,United Kingdom,PAID,TRUE,12/08/2014 14:29,website,GBP,0,12,0,0,12,0,2401,Interlocking Hearts design cake knife/server set,Default,1,12,0.826938776,12,12,9.923265306,0,,9.8,0.123265306,,Default
,10/08/2014 14:28,United Kingdom,PAID,TRUE,,website,GBP,0,12,0,0,12,0,2401,Interlocking Hearts design cake knife/server set,Default,1,12,0.826938776,12,12,9.923265306,,,9.8,0.123265306,,Default
,10/08/2014 15:52,United Kingdom,PAID,TRUE,12/08/2014 14:33,website,GBP,0,12,0,0,12,0,2401,Interlocking Hearts design cake knife/server set,Default,1,12,0.826938776,12,12,9.923265306,0,,9.8,0.123265306,,Default
,10/08/2014 17:30,United Kingdom,PAID,TRUE,12/08/2014 14:30,website,GBP,0,12,0,0,12,0,2401,Interlocking Hearts design cake knife/server set,Default,1,12,0.826938776,12,12,9.923265306,0,,9.8,0.123265306,,Default
,10/08/2014 19:41,United Kingdom,PAID,TRUE,12/08/2014 14:31,website,GBP,0,12,0,0,12,0,2401,Interlocking Hearts design cake knife/server set,Default,1,12,0.826938776,12,12,9.923265306,0,,9.8,0.123265306,,Default
,10/08/2014 21:05,United Kingdom,PAID,TRUE,12/08/2014 14:31,website,GBP,0,12,0,0,12,0,2401,Interlocking Hearts design cake knife/server set,Default,1,12,0.826938776,12,12,9.923265306,0,,9.8,0.123265306,,Default
,10/08/2014 21:40,United Kingdom,PAID,TRUE,12/08/2014 14:31,website,GBP,0,12,0,0,12,0,2401,Interlocking Hearts design cake knife/server set,Default,1,12,0.826938776,12,12,9.923265306,0,,9.8,0.123265306,,Default
,10/08/2014 22:36,United Kingdom,PAID,TRUE,12/08/2014 14:32,website,GBP,0,12,0,0,12,0,2401,Interlocking Hearts design cake knife/server set,Default,1,12,0.826938776,12,12,9.923265306,0,,9.8,0.123265306,,Default
,11/08/2014 07:34,United Kingdom,PAID,TRUE,12/08/2014 15:36,website,GBP,0,12,0,0,12,0,2401,Interlocking Hearts design cake knife/server set,Default,1,12,0.826938776,12,12,9.923265306,0,,9.8,0.123265306,,Default
,11/08/2014 15:00,United Kingdom,PAID,TRUE,13/08/2014 16:02,website,GBP,0,12,0,0,12,0,2401,Interlocking Hearts design cake knife/server set,Default,1,12,0.826938776,12,12,9.923265306,0,,9.8,0.123265306,,Default
,11/08/2014 17:35,United Kingdom,PAID,TRUE,13/08/2014 16:01,website,GBP,0,12,0,0,12,0,2401,Interlocking Hearts design cake knife/server set,Default,1,12,0.826938776,12,12,9.923265306,0,,9.8,0.123265306,,Default
,11/08/2014 18:01,United Kingdom,PAID,TRUE,13/08/2014 16:02,website,GBP,0,12,0,0,12,0,2401,Interlocking Hearts design cake knife/server set,Default,1,12,0.826938776,12,12,9.923265306,0,,9.8,0.123265306,,Default
,11/08/2014 20:17,United Kingdom,PAID,TRUE,13/08/2014 16:00,website,GBP,0,12,0,0,12,0,2401,Interlocking Hearts design cake knife/server set,Default,1,12,0.826938776,12,12,9.923265306,0,,9.8,0.123265306,,Default
,11/08/2014 22:24,United Kingdom,PAID,TRUE,13/08/2014 15:58,website,GBP,0,12,0,0,12,0,2401,Interlocking Hearts design cake knife/server set,Default,1,12,0.826938776,12,12,9.923265306,0,,9.8,0.123265306,,Default
,12/08/2014 13:21,United Kingdom,PAID,TRUE,13/08/2014 15:55,website,GBP,0,12,0,0,12,0,2401,Interlocking Hearts design cake knife/server set,Default,1,12,0.826938776,12,12,9.923265306,0,,9.8,0.123265306,,Default
,12/08/2014 14:46,United Kingdom,PAID,TRUE,13/08/2014 16:07,website,GBP,0,48,0,0,48,0,2401,Interlocking Hearts design cake knife/server set,Default,4,48,0.826938776,48,48,39.69306122,0,,39.2,0.493061224,,Default
,13/08/2014 09:18,United Kingdom,PAID,TRUE,14/08/2014 14:22,website,GBP,0,12,0,0,12,0,2401,Interlocking Hearts design cake knife/server set,Default,1,12,0.826938776,12,12,9.923265306,0,,9.8,0.123265306,,Default
,13/08/2014 10:12,United Kingdom,PAID,TRUE,13/08/2014 16:06,website,GBP,0,12,0,0,12,0,2401,Interlocking Hearts design cake knife/server set,Default,1,12,0.826938776,12,12,9.923265306,0,,9.8,0.123265306,,Default
,13/08/2014 17:18,United Kingdom,PAID,TRUE,14/08/2014 14:22,website,GBP,0,12,0,0,12,0,2401,Interlocking Hearts design cake knife/server set,Default,1,12,0.826938776,12,12,9.923265306,0,,9.8,0.123265306,,Default
,13/08/2014 20:25,United Kingdom,PAID,TRUE,14/08/2014 14:19,website,GBP,0,12,0,0,12,0,2401,Interlocking Hearts design cake knife/server set,Default,1,12,0.826938776,12,12,9.923265306,0,,9.8,0.123265306,,Default
,14/08/2014 01:23,United Kingdom,PAID,TRUE,14/08/2014 14:19,website,GBP,0,12,0,0,12,0,2401,Interlocking Hearts design cake knife/server set,Default,1,12,0.826938776,12,12,9.923265306,0,,9.8,0.123265306,,Default
,16/08/2014 08:47,United Kingdom,PAID,TRUE,18/08/2014 15:14,website,GBP,0,11.98,0,0,11.98,0,2401,Interlocking Hearts design cake knife/server set,Default,1,11.98,0.826938776,11.98,11.98,9.906726531,0,,9.8,0.106726531,,Default
,20/08/2014 19:56,United Kingdom,PAID,TRUE,21/08/2014 14:25,website,GBP,0,12,0,0,12,0,2401,Interlocking Hearts design cake knife/server set,Default,1,12,0.826938776,12,12,9.923265306,,,9.8,0.123265306,,Default
,21/08/2014 23:51,United Kingdom,PAID,TRUE,26/08/2014 15:43,website,GBP,0,12,0,0,12,0,2401,Interlocking Hearts design cake knife/server set,Default,1,12,0.826938776,12,12,9.923265306,,,9.8,0.123265306,,Default
,22/08/2014 19:49,United Kingdom,PAID,TRUE,26/08/2014 15:40,website,GBP,0,12,0,0,12,0,2401,Interlocking Hearts design cake knife/server set,Default,1,12,0.826938776,12,12,9.923265306,,,9.8,0.123265306,,Default
,23/08/2014 09:59,United Kingdom,RESEND,TRUE,05/09/2014 14:28,DIRECT,GBP,0,0,0,0,0,0,2401,Interlocking Hearts design cake knife/server set,Default,1,0,0.826938776,0,0,0,,,9.8,-9.8,,Default
,23/08/2014 23:40,United Kingdom,PAID,TRUE,27/08/2014 15:15,website,GBP,0,11.98,0,0,11.98,0,2401,Interlocking Hearts design cake knife/server set,Default,1,11.98,0.826938776,11.98,11.98,9.906726531,,,9.8,0.106726531,,Default
,25/08/2014 07:29,United Kingdom,PAID,TRUE,27/08/2014 15:16,website,GBP,0,11.98,0,0,11.98,0,2401,Interlocking Hearts design cake knife/server set,Default,1,11.98,0.826938776,11.98,11.98,9.906726531,,,9.8,0.106726531,,Default
,25/08/2014 19:33,United Kingdom,PAID,TRUE,27/08/2014 15:24,website,GBP,0,11.98,0,0,11.98,0,2401,Interlocking Hearts design cake knife/server set,Default,1,11.98,0.826938776,11.98,11.98,9.906726531,,,9.8,0.106726531,,Default
,25/08/2014 19:53,United Kingdom,PAID,TRUE,27/08/2014 15:21,website,GBP,0,11.98,0,0,11.98,0,2401,Interlocking Hearts design cake knife/server set,Default,1,11.98,0.826938776,11.98,11.98,9.906726531,,,9.8,0.106726531,,Default
,26/08/2014 21:21,United Kingdom,PAID,TRUE,27/08/2014 15:12,website,GBP,12.2,12,12.2,0,24.2,0,2401,Interlocking Hearts design cake knife/server set,Default,1,12,0.826938776,12,12,9.923265306,,,9.8,0.123265306,5358384364,Default
,28/08/2014 00:56,United Kingdom,PAID,TRUE,02/09/2014 15:42,website,GBP,0,12,0,0,12,0,2401,Interlocking Hearts design cake knife/server set,Default,1,12,0.826938776,12,12,9.923265306,,,9.8,0.123265306,,Default
,28/08/2014 14:22,United Kingdom,PAID,TRUE,02/09/2014 15:45,website,GBP,0,12,0,0,12,0,2401,Interlocking Hearts design cake knife/server set,Default,1,12,0.826938776,12,12,9.923265306,,,9.8,0.123265306,,Default
,30/08/2014 16:01,United Kingdom,PAID,TRUE,02/09/2014 15:45,website,GBP,0,11.99,0,0,11.99,0,2401,Interlocking Hearts design cake knife/server set,Default,1,11.99,0.826938776,11.99,11.99,9.914995918,,,9.8,0.114995918,,Default
,30/08/2014 21:06,United Kingdom,PAID,TRUE,02/09/2014 15:44,website,GBP,0,11.89,0,0,11.89,0,2401,Interlocking Hearts design cake knife/server set,Default,1,11.89,0.826938776,11.89,11.89,9.832302041,,,9.8,0.032302041,,Default
,31/08/2014 12:27,United Kingdom,PAID,TRUE,02/09/2014 15:46,website,GBP,0,11.89,0,0,11.89,0,2401,Interlocking Hearts design cake knife/server set,Default,1,11.89,0.826938776,11.89,11.89,9.832302041,,,9.8,0.032302041,,Default
,01/09/2014 21:29,United Kingdom,PAID,TRUE,03/09/2014 15:53,website,GBP,0,11.89,0,0,11.89,0,2401,Interlocking Hearts design cake knife/server set,Default,1,11.89,0.826938776,11.89,11.89,9.832302041,,,9.8,0.032302041,,Default
,02/09/2014 09:46,United Kingdom,PAID,TRUE,04/09/2014 15:01,website,GBP,0,12.01,0,0,12.01,0,2401,Interlocking Hearts design cake knife/server set,Default,1,12.01,0.826938776,12.01,12.01,9.931534694,,,9.8,0.131534694,,Default
,10/09/2014 03:02,United Kingdom,PAID,TRUE,10/09/2014 16:35,website,GBP,0,4.5,0,0,4.5,0,2401,Interlocking Hearts design cake knife/server set,Default,1,4.5,0.826938776,4.5,4.5,3.72122449,,,9.8,-6.07877551,,Default
,11/09/2014 17:51,United Kingdom,PAID,TRUE,15/09/2014 14:55,website,GBP,0,11.99,0,0,11.99,0,2401,Interlocking Hearts design cake knife/server set,Default,1,11.99,0.826938776,11.99,11.99,9.914995918,,,9.8,0.114995918,,Default
,25/09/2014 22:45,United Kingdom,PAID,TRUE,26/09/2014 14:17,website,GBP,3.99,11.27,3.99,0,15.26,0,2401_guk,"interlocking hearts design cake knife/server set. A perfect gift for that wedding, baby shower, birthday",Default,1,11.27,0.826938776,11.27,11.27,9.3196,,,9.8,-0.4804,,Default
,02/10/2014 03:04,United Kingdom,PAID,TRUE,02/10/2014 14:24,website,GBP,19.99,11.27,19.99,0,31.26,0,2401_guk,"interlocking hearts design cake knife/server set. A perfect gift for that wedding, baby shower, birthday",Default,1,11.27,0.826938776,11.27,11.27,9.3196,,,9.8,-0.4804,5360920438,Default
,06/10/2014 22:13,United Kingdom,PAID,TRUE,07/10/2014 15:05,website,GBP,0,12,0,0,12,0,2401,Interlocking Hearts design cake knife/server set,Default,1,12,0.826938776,12,12,9.923265306,,,9.8,0.123265306,,Default
,11/10/2014 15:44,United Kingdom,PAID,TRUE,14/10/2014 15:23,website,GBP,0,12.5,0,0,12.5,0,2401_spuk,interlocking hearts design cake knife/server set,Default,1,12.5,0.826938776,12.5,12.5,10.33673469,,,9.8,0.536734694,,Default
,11/10/2014 16:11,United Kingdom,PAID,TRUE,14/10/2014 15:24,website,GBP,0,12,0,0,12,0,2401,Interlocking Hearts design cake knife/server set,Default,1,12,0.826938776,12,12,9.923265306,,,9.8,0.123265306,,Default
,17/10/2014 12:15,United Kingdom,PAID,TRUE,20/10/2014 18:10,website,GBP,0,12.5,0,0,12.5,0,2401_spuk,interlocking hearts design cake knife/server set,Default,1,12.5,0.826938776,12.5,12.5,10.33673469,,,9.8,0.536734694,,Default
,23/10/2014 17:42,United Kingdom,PAID,TRUE,24/10/2014 13:17,website,GBP,0,12,0,0,12,0,2401,Interlocking Hearts design cake knife/server set,Default,1,12,0.826938776,12,12,9.923265306,,,9.8,0.123265306,,Default
,25/10/2014 18:22,United Kingdom,PAID,TRUE,,website,GBP,0,12,0,0,12,0,2401,Interlocking Hearts design cake knife/server set,Default,1,12,0.826938776,12,12,9.923265306,,,9.8,0.123265306,,Default
,08/11/2014 09:19,United Kingdom,PAID,TRUE,10/11/2014 16:08,website,GBP,0,12.5,0,0,12.5,0,2401_spuk,interlocking hearts design cake knife/server set,Default,1,12.5,0.826938776,12.5,12.5,10.33673469,,,9.8,0.536734694,,Default
,10/11/2014 14:56,United Kingdom,PAID,TRUE,11/11/2014 15:47,website,GBP,0,12,0,0,12,0,2401,Interlocking Hearts design cake knife/server set,Default,1,12,0.826938776,12,12,9.923265306,,,9.8,0.123265306,,Default
,18/11/2014 19:41,United Kingdom,PAID,TRUE,20/11/2014 22:19,website,GBP,0,12,0,0,12,0,2401,Interlocking Hearts design cake knife/server set,Default,1,12,0.826938776,12,12,9.923265306,,,9.8,0.123265306,,Default
,09/12/2014 23:11,United Kingdom,PAID,TRUE,,website,GBP,0,12,0,0,12,0,2401,Interlocking Hearts design cake knife/server set,Default,1,12,0.826938776,12,12,9.923265306,,,9.8,0.123265306,,Default
unknown,04/01/2015 09:20,UNKNOWN,UNPAID,TRUE,,website,GBP,0,0,0,0,0,0,2401_spuk,interlocking hearts design cake knife/server set,Default,1,0,0.826938776,0,0,0,,,9.8,-9.8,,Default
unknown,09/01/2015 17:19,UNKNOWN,UNPAID,TRUE,,website,GBP,0,0,0,0,0,0,2401,Interlocking Hearts design cake knife/server set,Default,1,0,0.826938776,0,0,0,,,9.8,-9.8,,Default
,09/01/2015 18:14,United Kingdom,PAID,TRUE,12/01/2015 20:08,website,GBP,0,12.5,0,0,12.5,0,2401_spuk,interlocking hearts design cake knife/server set,Default,1,12.5,0.826938776,12.5,12.5,10.33673469,,,9.8,0.536734694,,Default
,11/01/2015 22:38,United Kingdom,PAID,TRUE,12/01/2015 20:24,website,GBP,0,12.5,0,0,12.5,0,2401_spuk,interlocking hearts design cake knife/server set,Default,1,12.5,0.826938776,12.5,12.5,10.33673469,,,9.8,0.536734694,,Default
,15/01/2015 13:48,United Kingdom,PAID,TRUE,,website,GBP,0,12.5,0,0,12.5,0,2401_spuk,interlocking hearts design cake knife/server set,Default,1,12.5,0.826938776,12.5,12.5,10.33673469,,,9.8,0.536734694,,Default
,15/01/2015 18:33,United Kingdom,PAID,TRUE,,website,GBP,0,12,0,0,12,0,2401,Interlocking Hearts design cake knife/server set,Default,1,12,0.826938776,12,12,9.923265306,,,9.8,0.123265306,,Default
,17/01/2015 07:38,United Kingdom,PAID,TRUE,20/01/2015 00:58,website,GBP,0,12.5,0,0,12.5,0,2401_spuk,interlocking hearts design cake knife/server set,Default,1,12.5,0.826938776,12.5,12.5,10.33673469,,,9.8,0.536734694,,Default
,24/01/2015 16:00,United Kingdom,PAID,TRUE,27/01/2015 00:20,website,GBP,0,12.5,0,0,12.5,0,2401_spuk,interlocking hearts design cake knife/server set,Default,1,12.5,0.826938776,12.5,12.5,10.33673469,,,9.8,0.536734694,,Default
,30/01/2015 12:36,United Kingdom,PAID,TRUE,30/01/2015 19:36,website,GBP,0,12.5,0,0,12.5,0,2401_spuk,interlocking hearts design cake knife/server set,Default,1,12.5,0.826938776,12.5,12.5,10.33673469,,,9.8,0.536734694,,Default
,05/02/2015 23:27,United Kingdom,PAID,TRUE,06/02/2015 23:34,website,GBP,0,12.5,0,0,12.5,0,2401_spuk,interlocking hearts design cake knife/server set,Default,1,12.5,0.826938776,12.5,12.5,10.33673469,,,9.8,0.536734694,,Default
,26/02/2015 18:36,United Kingdom,PAID,TRUE,27/02/2015 15:36,website,GBP,0,12.5,0,0,12.5,0,2401_spuk,interlocking hearts design cake knife/server set,Default,1,12.5,0.826938776,12.5,12.5,10.33673469,,,9.8,0.536734694,,Default
,01/03/2015 23:30,United Kingdom,PAID,TRUE,02/03/2015 23:35,website,GBP,0,12.5,0,0,12.5,0,2401_spuk,interlocking hearts design cake knife/server set,Default,1,12.5,0.826938776,12.5,12.5,10.33673469,,,9.8,0.536734694,,Default
,12/03/2015 14:59,United Kingdom,PAID,TRUE,13/03/2015 18:12,website,GBP,0,12.5,0,0,12.5,0,2401_spuk,interlocking hearts design cake knife/server set,Default,1,12.5,0.826938776,12.5,12.5,10.33673469,,,9.8,0.536734694,,Default
,21/03/2015 16:24,United Kingdom,PAID,TRUE,23/03/2015 16:37,website,GBP,0,12.5,0,0,12.5,0,2401_spuk,interlocking hearts design cake knife/server set,Default,1,12.5,0.826938776,12.5,12.5,10.33673469,,,9.8,0.536734694,,Default
,29/03/2015 18:11,United Kingdom,PAID,TRUE,30/03/2015 17:29,website,GBP,0,12.5,0,0,12.5,0,2401_spuk,interlocking hearts design cake knife/server set,Default,1,12.5,0.826938776,12.5,12.5,10.33673469,,,9.8,0.536734694,,Default
,01/05/2015 09:04,United Kingdom,PAID,TRUE,01/05/2015 22:03,website,GBP,0,12.5,0,0,12.5,0,2401_spuk,interlocking hearts design cake knife/server set,Default,1,12.5,0.826938776,12.5,12.5,10.33673469,,,9.8,0.536734694,,Default
,01/05/2015 15:51,United Kingdom,PAID,TRUE,05/05/2015 14:34,website,GBP,3.99,16.2,3.99,0,20.19,0,2401_sf,Interlocking Hearts design cake knife/server set,Default,1,8.1,0.826938776,8.1,8.1,6.698204082,,,9.8,-3.101795918,,Default
,01/05/2015 15:51,United Kingdom,PAID,TRUE,05/05/2015 14:34,website,GBP,3.99,16.2,3.99,0,20.19,0,2401_sf,Interlocking Hearts design cake knife/server set,Default,1,8.1,0.826938776,8.1,8.1,6.698204082,,,9.8,-3.101795918,,Default
,02/05/2015 17:27,United Kingdom,PAID,TRUE,06/05/2015 21:49,website,GBP,0,12.5,0,0,12.5,0,2401_spuk,interlocking hearts design cake knife/server set,Default,1,12.5,0.826938776,12.5,12.5,10.33673469,,,9.8,0.536734694,,Default
,02/05/2015 19:44,United Kingdom,PAID,TRUE,05/05/2015 14:35,website,GBP,3.99,8.1,3.99,0,12.09,0,2401_sf,Interlocking Hearts design cake knife/server set,Default,1,8.1,0.826938776,8.1,8.1,6.698204082,,,9.8,-3.101795918,,Default
,03/05/2015 11:17,United Kingdom,PAID,TRUE,05/05/2015 15:17,website,GBP,3.99,8.1,3.99,0,12.09,0,2401_sf,Interlocking Hearts design cake knife/server set,Default,1,8.1,0.826938776,8.1,8.1,6.698204082,,,9.8,-3.101795918,,Default
,03/05/2015 12:57,United Kingdom,PAID,TRUE,05/05/2015 15:15,website,GBP,3.99,8.1,3.99,0,12.09,0,2401_sf,Interlocking Hearts design cake knife/server set,Default,1,8.1,0.826938776,8.1,8.1,6.698204082,,,9.8,-3.101795918,,Default
,04/05/2015 09:00,United Kingdom,PAID,TRUE,05/05/2015 15:17,website,GBP,3.99,8.1,3.99,0,12.09,0,2401_sf,Interlocking Hearts design cake knife/server set,Default,1,8.1,0.826938776,8.1,8.1,6.698204082,,,9.8,-3.101795918,,Default
,04/05/2015 14:45,United Kingdom,PAID,TRUE,06/05/2015 21:49,website,GBP,3.99,8.1,3.99,0,12.09,0,2401_sf,Interlocking Hearts design cake knife/server set,Default,1,8.1,0.826938776,8.1,8.1,6.698204082,,,9.8,-3.101795918,,Default
,05/05/2015 20:36,United Kingdom,PAID,TRUE,07/05/2015 20:11,website,GBP,3.99,8.1,3.99,0,12.09,0,2401_sf,Interlocking Hearts design cake knife/server set,Default,1,8.1,0.826938776,8.1,8.1,6.698204082,,,9.8,-3.101795918,,Default
,06/05/2015 12:06,United Kingdom,PAID,TRUE,07/05/2015 20:13,website,GBP,3.99,8.1,3.99,0,12.09,0,2401_sf,Interlocking Hearts design cake knife/server set,Default,1,8.1,0.826938776,8.1,8.1,6.698204082,,,9.8,-3.101795918,,Default
,06/05/2015 11:51,United Kingdom,PAID,TRUE,07/05/2015 20:14,website,GBP,3.99,8.1,3.99,0,12.09,0,2401_sf,Interlocking Hearts design cake knife/server set,Default,1,8.1,0.826938776,8.1,8.1,6.698204082,,,9.8,-3.101795918,,Default
,06/05/2015 12:41,United Kingdom,PAID,TRUE,07/05/2015 20:15,website,GBP,3.99,8.1,3.99,0,12.09,0,2401_sf,Interlocking Hearts design cake knife/server set,Default,1,8.1,0.826938776,8.1,8.1,6.698204082,,,9.8,-3.101795918,,Default
,06/05/2015 14:41,United Kingdom,PAID,TRUE,07/05/2015 20:12,website,GBP,3.99,8.1,3.99,0,12.09,0,2401_sf,Interlocking Hearts design cake knife/server set,Default,1,8.1,0.826938776,8.1,8.1,6.698204082,,,9.8,-3.101795918,,Default
,06/05/2015 15:07,United Kingdom,PAID,TRUE,07/05/2015 20:15,website,GBP,3.99,8.1,3.99,0,12.09,0,2401_sf,Interlocking Hearts design cake knife/server set,Default,1,8.1,0.826938776,8.1,8.1,6.698204082,,,9.8,-3.101795918,,Default
,06/05/2015 21:22,United Kingdom,PAID,TRUE,07/05/2015 20:12,website,GBP,3.99,8.1,3.99,0,12.09,0,2401_sf,Interlocking Hearts design cake knife/server set,Default,1,8.1,0.826938776,8.1,8.1,6.698204082,,,9.8,-3.101795918,,Default
,07/05/2015 12:35,United Kingdom,PAID,TRUE,08/05/2015 21:53,website,GBP,0,12.5,0,0,12.5,0,2401_spuk,interlocking hearts design cake knife/server set,Default,1,12.5,0.826938776,12.5,12.5,10.33673469,,,9.8,0.536734694,,Default
,09/05/2015 21:29,United Kingdom,PAID,TRUE,11/05/2015 22:43,website,GBP,3.99,8.1,3.99,0,12.09,0,2401_sf,Interlocking Hearts design cake knife/server set,Default,1,8.1,0.826938776,8.1,8.1,6.698204082,,,9.8,-3.101795918,,Default
,10/05/2015 07:02,United Kingdom,PAID,TRUE,12/05/2015 15:08,website,GBP,3.99,8.1,3.99,0,12.09,0,2401_sf,Interlocking Hearts design cake knife/server set,Default,1,8.1,0.826938776,8.1,8.1,6.698204082,,,9.8,-3.101795918,,Default
,12/05/2015 17:53,United Kingdom,PAID,TRUE,13/05/2015 20:41,website,GBP,0,13,0,0,13,0,2401,Interlocking Hearts design cake knife/server set,Default,1,13,0.826938776,13,13,10.75020408,,,9.8,0.950204082,,Default
,13/05/2015 19:13,United Kingdom,PAID,TRUE,,website,GBP,0,12.5,0,0,12.5,0,2401_spuk,interlocking hearts design cake knife/server set,Default,1,12.5,0.826938776,12.5,12.5,10.33673469,,,9.8,0.536734694,,Default
,14/05/2015 22:41,United Kingdom,PAID,TRUE,,website,GBP,3.99,8.1,3.99,0,12.09,0,2401_sf,Interlocking Hearts design cake knife/server set,Default,1,8.1,0.826938776,8.1,8.1,6.698204082,,,9.8,-3.101795918,,Default
,15/05/2015 05:09,United Kingdom,PAID,TRUE,,website,GBP,3.99,8.1,3.99,0,12.09,0,2401_sf,Interlocking Hearts design cake knife/server set,Default,1,8.1,0.826938776,8.1,8.1,6.698204082,,,9.8,-3.101795918,,Default
,15/05/2015 15:41,United Kingdom,PAID,TRUE,,website,GBP,3.99,8.1,3.99,0,12.09,0,2401_sf,Interlocking Hearts design cake knife/server set,Default,1,8.1,0.826938776,8.1,8.1,6.698204082,,,9.8,-3.101795918,,Default
,15/05/2015 21:53,United Kingdom,PAID,TRUE,,website,GBP,3.99,8.1,3.99,0,12.09,0,2401_sf,Interlocking Hearts design cake knife/server set,Default,1,8.1,0.826938776,8.1,8.1,6.698204082,,,9.8,-3.101795918,,Default
,16/05/2015 11:31,United Kingdom,PAID,TRUE,,website,GBP,3.99,8.1,3.99,0,12.09,0,2401_sf,Interlocking Hearts design cake knife/server set,Default,1,8.1,0.826938776,8.1,8.1,6.698204082,,,9.8,-3.101795918,,Default
,16/05/2015 14:23,United Kingdom,PAID,TRUE,,website,GBP,3.99,8.1,3.99,0,12.09,0,2401_sf,Interlocking Hearts design cake knife/server set,Default,1,8.1,0.826938776,8.1,8.1,6.698204082,,,9.8,-3.101795918,,Default
,16/05/2015 18:33,United Kingdom,PAID,TRUE,,website,GBP,0,12.5,0,0,12.5,0,2401_spuk,interlocking hearts design cake knife/server set,Default,1,12.5,0.826938776,12.5,12.5,10.33673469,,,9.8,0.536734694,,Default
,17/05/2015 10:19,United Kingdom,PAID,TRUE,,website,GBP,3.99,8.1,3.99,0,12.09,0,2401_sf,Interlocking Hearts design cake knife/server set,Default,1,8.1,0.826938776,8.1,8.1,6.698204082,,,9.8,-3.101795918,,Default
,17/05/2015 15:11,United Kingdom,PAID,TRUE,,website,GBP,3.99,8.1,3.99,0,12.09,0,2401_sf,Interlocking Hearts design cake knife/server set,Default,1,8.1,0.826938776,8.1,8.1,6.698204082,,,9.8,-3.101795918,,Default
,17/05/2015 19:14,United Kingdom,PAID,TRUE,,website,GBP,3.99,8.1,3.99,0,12.09,0,2401_sf,Interlocking Hearts design cake knife/server set,Default,1,8.1,0.826938776,8.1,8.1,6.698204082,,,9.8,-3.101795918,,Default
,18/05/2015 11:49,United Kingdom,PAID,TRUE,,website,GBP,3.99,8.1,3.99,0,12.09,0,2401_sf,Interlocking Hearts design cake knife/server set,Default,1,8.1,0.826938776,8.1,8.1,6.698204082,,,9.8,-3.101795918,,Default
,18/05/2015 22:07,United Kingdom,PAID,TRUE,,website,GBP,12.2,13.03,12.2,0,25.23,0,2401,Interlocking Hearts design cake knife/server set,Default,1,13.03,0.826938776,13.03,13.03,10.77501224,,,9.8,0.975012245,,Default
,18/05/2015 22:10,United Kingdom,PAID,TRUE,,website,GBP,0,12.5,0,0,12.5,0,2401_spuk,interlocking hearts design cake knife/server set,Default,1,12.5,0.826938776,12.5,12.5,10.33673469,,,9.8,0.536734694,,Default
,21/05/2015 09:12,United Kingdom,PAID,TRUE,,website,GBP,0,11.99,0,0,11.99,0,2401,Interlocking Hearts design cake knife/server set,Default,1,11.99,0.826938776,11.99,11.99,9.914995918,,,9.8,0.114995918,,Default
,21/05/2015 12:37,United Kingdom,PAID,TRUE,,website,GBP,0,11.94,0,0,11.94,0,2401,Interlocking Hearts design cake knife/server set,Default,1,11.94,0.826938776,11.94,11.94,9.87364898,,,9.8,0.07364898,,Default
,23/05/2015 08:50,United Kingdom,PAID,TRUE,27/05/2015 19:43,website,GBP,3.99,8.1,3.99,0,12.09,0,2401_sf,Interlocking Hearts design cake knife/server set,Default,1,8.1,0.826938776,8.1,8.1,6.698204082,,,9.8,-3.101795918,,Default
,24/05/2015 12:03,United Kingdom,PAID,TRUE,27/05/2015 20:37,website,GBP,3.99,8.1,3.99,0,12.09,0,2401_sf,Interlocking Hearts design cake knife/server set,Default,1,8.1,0.826938776,8.1,8.1,6.698204082,,,9.8,-3.101795918,,Default
,27/05/2015 09:34,United Kingdom,PAID,TRUE,28/05/2015 16:31,website,GBP,0,12.5,0,0,12.5,0,2401_spuk,interlocking hearts design cake knife/server set,Default,1,12.5,0.826938776,12.5,12.5,10.33673469,,,9.8,0.536734694,,Default
,30/05/2015 17:05,United Kingdom,PAID,TRUE,01/06/2015 15:08,website,GBP,19.99,12.5,19.99,0,32.49,0,2401_spuk,interlocking hearts design cake knife/server set,Default,1,12.5,0.826938776,12.5,12.5,10.33673469,,,9.8,0.536734694,5985176146,Default
,30/05/2015 22:15,United Kingdom,PAID,TRUE,02/06/2015 14:04,website,GBP,0,11,0,0,11,0,2401,Interlocking Hearts design cake knife/server set,Default,1,11,0.826938776,11,11,9.096326531,,,9.8,-0.703673469,,Default
,30/05/2015 23:08,United Kingdom,PAID,TRUE,02/06/2015 14:04,website,GBP,0,12.5,0,0,12.5,0,2401_spuk,interlocking hearts design cake knife/server set,Default,1,12.5,0.826938776,12.5,12.5,10.33673469,,,9.8,0.536734694,,Default
,01/06/2015 06:47,United Kingdom,UNPAID,TRUE,,DIRECT,GBP,0,12.5,0,0,0,0,2401_spuk,interlocking hearts design cake knife/server set,Default,1,0,0.826938776,0,0,0,,,9.8,-9.8,,Default
,01/06/2015 15:42,United Kingdom,PAID,TRUE,02/06/2015 14:10,website,GBP,0,12.5,0,0,12.5,0,2401_spuk,interlocking hearts design cake knife/server set,Default,1,12.5,0.826938776,12.5,12.5,10.33673469,,,9.8,0.536734694,,Default
,03/06/2015 22:27,United Kingdom,PAID,TRUE,04/06/2015 18:16,website,GBP,0,11,0,0,11,0,2401,Interlocking Hearts design cake knife/server set,Default,1,11,0.826938776,11,11,9.096326531,,,9.8,-0.703673469,,Default
,04/06/2015 08:21,United Kingdom,UNPAID,TRUE,,DIRECT,GBP,0,12.5,0,0,0,0,2401_spuk,interlocking hearts design cake knife/server set,Default,1,0,0.826938776,0,0,0,,,9.8,-9.8,,Default
,01/06/2015 06:47,United Kingdom,PAID,TRUE,05/06/2015 13:28,website,GBP,0,25,0,0,25,0,2401_spuk,interlocking hearts design cake knife/server set,Default,1,12.5,0.826938776,12.5,12.5,10.33673469,,,9.8,0.536734694,,Default
,07/06/2015 09:55,United Kingdom,PAID,TRUE,08/06/2015 15:11,website,GBP,3.99,8.1,3.99,0,12.09,0,2401_sf,Interlocking Hearts design cake knife/server set,Default,1,8.1,0.826938776,8.1,8.1,6.698204082,,,9.8,-3.101795918,,Default
unknown,08/06/2015 17:12,UNKNOWN,UNPAID,TRUE,,website,GBP,0,0,0,0,0,0,2401,Interlocking Hearts design cake knife/server set,Default,1,0,0.826938776,0,0,0,,,9.8,-9.8,,Default
,08/06/2015 22:45,United Kingdom,PAID,TRUE,09/06/2015 14:49,website,GBP,0,12.5,0,0,12.5,0,2401_spuk,interlocking hearts design cake knife/server set,Default,1,12.5,0.826938776,12.5,12.5,10.33673469,,,9.8,0.536734694,,Default
,09/06/2015 19:23,United Kingdom,PAID,TRUE,10/06/2015 14:59,website,GBP,0,12.5,0,0,12.5,0,2401_spuk,interlocking hearts design cake knife/server set,Default,1,12.5,0.826938776,12.5,12.5,10.33673469,,,9.8,0.536734694,,Default
,12/06/2015 19:37,United Kingdom,PAID,TRUE,16/06/2015 15:26,website,GBP,0,12.5,0,0,12.5,0,2401_spuk,interlocking hearts design cake knife/server set,Default,1,12.5,0.826938776,12.5,12.5,10.33673469,,,9.8,0.536734694,,Default
,13/06/2015 17:22,United Kingdom,PAID,TRUE,16/06/2015 15:27,website,GBP,0,12.5,0,0,12.5,0,2401_spuk,interlocking hearts design cake knife/server set,Default,1,12.5,0.826938776,12.5,12.5,10.33673469,,,9.8,0.536734694,,Default
,14/06/2015 09:02,United Kingdom,PAID,TRUE,16/06/2015 15:25,website,GBP,0,12.5,0,0,12.5,0,2401_spuk,interlocking hearts design cake knife/server set,Default,1,12.5,0.826938776,12.5,12.5,10.33673469,,,9.8,0.536734694,,Default
,15/06/2015 21:19,United Kingdom,PAID,TRUE,16/06/2015 15:26,website,GBP,0,12.5,0,0,12.5,0,2401_spuk,interlocking hearts design cake knife/server set,Default,1,12.5,0.826938776,12.5,12.5,10.33673469,,,9.8,0.536734694,,Default
,16/06/2015 10:20,United Kingdom,PAID,TRUE,16/06/2015 15:12,website,GBP,3.99,8.1,3.99,0,12.09,0,2401_sf,Interlocking Hearts design cake knife/server set,Default,1,8.1,0.826938776,8.1,8.1,6.698204082,,,9.8,-3.101795918,,Default
,18/06/2015 21:46,United Kingdom,PAID,TRUE,22/06/2015 21:21,website,GBP,0,12.5,0,0,12.5,0,2401_spuk,interlocking hearts design cake knife/server set,Default,1,12.5,0.826938776,12.5,12.5,10.33673469,,,9.8,0.536734694,,Default
,19/06/2015 06:55,United Kingdom,PAID,TRUE,22/06/2015 21:15,website,GBP,0,12.5,0,0,12.5,0,2401_spuk,interlocking hearts design cake knife/server set,Default,1,12.5,0.826938776,12.5,12.5,10.33673469,,,9.8,0.536734694,,Default
,22/06/2015 18:45,United Kingdom,PAID,TRUE,23/06/2015 21:30,website,GBP,3.99,8.1,3.99,0,12.09,0,2401_sf,Interlocking Hearts design cake knife/server set,Default,1,8.1,0.826938776,8.1,8.1,6.698204082,,,9.8,-3.101795918,,Default
,23/06/2015 11:18,United Kingdom,PAID,TRUE,25/06/2015 22:16,website,GBP,3.99,8.1,3.99,0,12.09,0,2401_sf,Interlocking Hearts design cake knife/server set,Default,1,8.1,0.826938776,8.1,8.1,6.698204082,,,9.8,-3.101795918,,Default
,24/06/2015 08:33,United Kingdom,PAID,TRUE,25/06/2015 22:16,website,GBP,3.99,8.1,3.99,0,12.09,0,2401_sf,Interlocking Hearts design cake knife/server set,Default,1,8.1,0.826938776,8.1,8.1,6.698204082,,,9.8,-3.101795918,,Default
,25/06/2015 17:01,United Kingdom,PAID,TRUE,26/06/2015 21:33,website,GBP,3.99,8.1,3.99,0,12.09,0,2401_sf,Interlocking Hearts design cake knife/server set,Default,1,8.1,0.826938776,8.1,8.1,6.698204082,,,9.8,-3.101795918,,Default
,26/06/2015 12:27,United Kingdom,PAID,TRUE,29/06/2015 21:54,website,GBP,3.99,8.1,3.99,0,12.09,0,2401_sf,Interlocking Hearts design cake knife/server set,Default,1,8.1,0.826938776,8.1,8.1,6.698204082,,,9.8,-3.101795918,,Default
,02/07/2015 17:54,United Kingdom,PAID,TRUE,03/07/2015 21:54,website,GBP,0,12.5,0,0,12.5,0,2401_spuk,interlocking hearts design cake knife/server set,Default,1,12.5,0.826938776,12.5,12.5,10.33673469,,,9.8,0.536734694,,Default
,02/07/2015 19:34,United Kingdom,PAID,TRUE,03/07/2015 21:53,website,GBP,0,12.5,0,0,12.5,0,2401_spuk,interlocking hearts design cake knife/server set,Default,1,12.5,0.826938776,12.5,12.5,10.33673469,,,9.8,0.536734694,,Default
,03/07/2015 00:36,United Kingdom,PAID,TRUE,03/07/2015 21:53,website,GBP,0,12.5,0,0,12.5,0,2401_spuk,interlocking hearts design cake knife/server set,Default,1,12.5,0.826938776,12.5,12.5,10.33673469,,,9.8,0.536734694,,Default
,08/07/2015 20:42,United Kingdom,PAID,TRUE,,website,GBP,0,12.5,0,0,12.5,0,2401_spuk,interlocking hearts design cake knife/server set,Default,1,12.5,0.826938776,12.5,12.5,10.33673469,,,9.8,0.536734694,,Default
,12/07/2015 20:37,United Kingdom,PAID,TRUE,14/07/2015 19:07,website,GBP,0,12.5,0,0,12.5,0,2401_spuk,interlocking hearts design cake knife/server set,Default,1,12.5,0.826938776,12.5,12.5,10.33673469,,,9.8,0.536734694,,Default
,15/07/2015 22:33,United Kingdom,PAID,TRUE,16/07/2015 22:08,website,GBP,0,12.5,0,0,12.5,0,2401_spuk,interlocking hearts design cake knife/server set,Default,1,12.5,0.826938776,12.5,12.5,10.33673469,,,9.8,0.536734694,,Default
,16/07/2015 12:51,United Kingdom,PAID,TRUE,18/07/2015 10:29,website,GBP,0,12.5,0,0,12.5,0,2401_spuk,interlocking hearts design cake knife/server set,Default,1,12.5,0.826938776,12.5,12.5,10.33673469,,,9.8,0.536734694,,Default
,19/07/2015 10:14,United Kingdom,PAID,TRUE,20/07/2015 16:27,website,GBP,3.99,8.1,3.99,0,12.09,0,2401_sf,Interlocking Hearts design cake knife/server set,Default,1,8.1,0.826938776,8.1,8.1,6.698204082,,,9.8,-3.101795918,,Default
,20/07/2015 15:03,United Kingdom,PAID,TRUE,21/07/2015 19:12,website,GBP,0,12.5,0,0,12.5,0,2401_spuk,interlocking hearts design cake knife/server set,Default,1,12.5,0.826938776,12.5,12.5,10.33673469,,,9.8,0.536734694,,Default
,21/07/2015 17:58,United Kingdom,PAID,TRUE,22/07/2015 16:38,website,GBP,0,12.5,0,0,12.5,0,2401_spuk,interlocking hearts design cake knife/server set,Default,1,12.5,0.826938776,12.5,12.5,10.33673469,,,9.8,0.536734694,,Default
,24/07/2015 09:37,United Kingdom,PAID,TRUE,27/07/2015 22:56,website,GBP,0,12.5,0,0,12.5,0,2401_spuk,interlocking hearts design cake knife/server set,Default,1,12.5,0.826938776,12.5,12.5,10.33673469,,,9.8,0.536734694,,Default
,25/07/2015 06:55,United Kingdom,PAID,TRUE,27/07/2015 22:55,website,GBP,0,12.5,0,0,12.5,0,2401_spuk,interlocking hearts design cake knife/server set,Default,1,12.5,0.826938776,12.5,12.5,10.33673469,,,9.8,0.536734694,,Default
unknown,27/07/2015 08:25,UNKNOWN,UNPAID,TRUE,,website,GBP,0,0,0,0,0,0,2401_spuk,interlocking hearts design cake knife/server set,Default,1,0,0.826938776,0,0,0,,,9.8,-9.8,,Default
,27/07/2015 22:44,United Kingdom,PAID,TRUE,28/07/2015 22:35,website,GBP,0,12.5,0,0,12.5,0,2401_spuk,interlocking hearts design cake knife/server set,Default,1,12.5,0.826938776,12.5,12.5,10.33673469,,,9.8,0.536734694,,Default
,28/07/2015 21:45,United Kingdom,PAID,TRUE,29/07/2015 22:06,website,GBP,0,12.5,0,0,12.5,0,2401_spuk,interlocking hearts design cake knife/server set,Default,1,12.5,0.826938776,12.5,12.5,10.33673469,,,9.8,0.536734694,,Default
,02/08/2015 21:29,United Kingdom,PAID,TRUE,03/08/2015 22:14,website,GBP,0,37.5,0,0,37.5,0,2401_spuk,interlocking hearts design cake knife/server set,Default,3,37.5,0.826938776,37.5,37.5,31.01020408,,,29.4,1.610204082,,Default
,04/08/2015 14:26,United Kingdom,PAID,TRUE,05/08/2015 18:02,website,GBP,0,12.5,0,0,12.5,0,2401_spuk,interlocking hearts design cake knife/server set,Default,1,12.5,0.826938776,12.5,12.5,10.33673469,,,9.8,0.536734694,,Default
,04/08/2015 18:32,United Kingdom,PAID,TRUE,06/08/2015 17:27,website,GBP,0,12.5,0,0,12.5,0,2401_spuk,interlocking hearts design cake knife/server set,Default,1,12.5,0.826938776,12.5,12.5,10.33673469,,,9.8,0.536734694,,Default
,05/08/2015 16:29,United Kingdom,PAID,TRUE,06/08/2015 17:29,website,GBP,0,12.5,0,0,12.5,0,2401_spuk,interlocking hearts design cake knife/server set,Default,1,12.5,0.826938776,12.5,12.5,10.33673469,,,9.8,0.536734694,,Default
,06/08/2015 22:04,United Kingdom,PAID,TRUE,07/08/2015 18:27,website,GBP,0,12.5,0,0,12.5,0,2401_spuk,interlocking hearts design cake knife/server set,Default,1,12.5,0.826938776,12.5,12.5,10.33673469,,,9.8,0.536734694,,Default
,07/08/2015 11:21,United Kingdom,PAID,TRUE,07/08/2015 18:24,website,GBP,0,12.5,0,0,12.5,0,2401_spuk,interlocking hearts design cake knife/server set,Default,1,12.5,0.826938776,12.5,12.5,10.33673469,,,9.8,0.536734694,,Default
,08/08/2015 15:56,United Kingdom,PAID,TRUE,11/08/2015 16:32,website,GBP,0,12.5,0,0,12.5,0,2401_spuk,interlocking hearts design cake knife/server set,Default,1,12.5,0.826938776,12.5,12.5,10.33673469,,,9.8,0.536734694,,Default
,14/08/2015 12:24,United Kingdom,PAID,TRUE,17/08/2015 22:17,website,GBP,0,12.5,0,0,12.5,0,2401_spuk,interlocking hearts design cake knife/server set,Default,1,12.5,0.826938776,12.5,12.5,10.33673469,,,9.8,0.536734694,,Default
,22/08/2015 04:43,United Kingdom,PAID,TRUE,25/08/2015 21:54,website,GBP,0,12.5,0,0,12.5,0,2401_spuk,interlocking hearts design cake knife/server set,Default,1,12.5,0.826938776,12.5,12.5,10.33673469,,,9.8,0.536734694,,Default
,24/08/2015 19:33,United Kingdom,PAID,TRUE,25/08/2015 21:53,website,GBP,0,12.5,0,0,12.5,0,2401_guk,"interlocking hearts design cake knife/server set. A perfect gift for that wedding, baby shower, birthday",Default,1,12.5,0.826938776,12.5,12.5,10.33673469,,,9.8,0.536734694,,Default
,26/08/2015 20:27,United Kingdom,PAID,TRUE,27/08/2015 22:15,website,GBP,0,12.5,0,0,12.5,0,2401_guk,"interlocking hearts design cake knife/server set. A perfect gift for that wedding, baby shower, birthday",Default,1,12.5,0.826938776,12.5,12.5,10.33673469,,,9.8,0.536734694,,Default
,05/09/2015 23:14,United Kingdom,PAID,TRUE,07/09/2015 14:24,website,GBP,0,12,0,0,12,0,2401_spuk,interlocking hearts design cake knife/server set,Default,1,12,0.826938776,12,12,9.923265306,,,9.8,0.123265306,,Default
,10/09/2015 12:07,United Kingdom,PAID,TRUE,14/09/2015 21:35,website,GBP,3.99,5.67,3.99,0,9.66,0,2401_4,Interlocking Hearts design cake knife/server set,Default,1,5.67,0.826938776,5.67,5.67,4.688742857,,,9.8,-5.111257143,,Default
,10/09/2015 15:46,United Kingdom,PAID,TRUE,14/09/2015 21:35,website,GBP,3.99,5.67,3.99,0,9.66,0,2401_4,Interlocking Hearts design cake knife/server set,Default,1,5.67,0.826938776,5.67,5.67,4.688742857,,,9.8,-5.111257143,,Default
,10/09/2015 19:12,United Kingdom,PAID,TRUE,14/09/2015 21:35,website,GBP,3.99,5.67,3.99,0,9.66,0,2401_4,Interlocking Hearts design cake knife/server set,Default,1,5.67,0.826938776,5.67,5.67,4.688742857,,,9.8,-5.111257143,,Default
,29/09/2015 15:33,United Kingdom,PAID,TRUE,30/09/2015 21:15,website,GBP,3.99,15.61,3.99,0,19.6,0,2401_2,Interlocking Hearts Cake Server Set,Default,1,15.61,0.826938776,15.61,15.61,12.90851429,,,9.8,3.108514286,,Default
,02/10/2015 21:54,United Kingdom,PAID,TRUE,05/10/2015 22:47,website,GBP,0,12,0,0,12,0,2401_spuk,interlocking hearts design cake knife/server set,Default,1,12,0.826938776,12,12,9.923265306,,,9.8,0.123265306,,Default
,05/10/2015 23:23,United Kingdom,PAID,TRUE,06/10/2015 18:40,website,GBP,3.99,15.61,3.99,0,19.6,0,2401_3,Wedding Cake Knife & Sever Set Embracing Hearts (EKA01049) Brand New & Boxed,Default,1,15.61,0.826938776,15.61,15.61,12.90851429,,,9.8,3.108514286,,Default
,10/11/2015 22:41,United Kingdom,PAID,TRUE,11/11/2015 22:01,website,GBP,19.99,15.61,19.99,0,35.6,0,2401_2,Interlocking Hearts Cake Server Set,Default,1,15.61,0.826938776,15.61,15.61,12.90851429,,,9.8,3.108514286,5360656460,Default
,12/11/2015 00:04,United Kingdom,PAID,TRUE,13/11/2015 20:37,website,GBP,0,12.5,0,0,12.5,0,2401_guk,"interlocking hearts design cake knife/server set. A perfect gift for that wedding, baby shower, birthday",Default,1,12.5,0.826938776,12.5,12.5,10.33673469,,,9.8,0.536734694,,Default
,02/12/2015 23:09,United Kingdom,PAID,TRUE,04/12/2015 18:58,website,GBP,0,12.5,0,0,12.5,0,2401_guk,"interlocking hearts design cake knife/server set. A perfect gift for that wedding, baby shower, birthday",Default,1,12.5,0.826938776,12.5,12.5,10.33673469,,,9.8,0.536734694,,Default
,18/01/2016 21:35,United Kingdom,PAID,TRUE,19/01/2016 22:22,website,GBP,3.99,15.61,3.99,0,19.6,0,2401_2,Interlocking Hearts Cake Server Set,Default,1,15.61,0.826938776,15.61,15.61,12.90851429,,,9.8,3.108514286,,Default
,25/01/2016 15:39,United Kingdom,PAID,TRUE,26/01/2016 17:20,website,GBP,0,12,0,0,12,0,2401_spuk,interlocking hearts design cake knife/server set,Default,1,12,0.826938776,12,12,9.923265306,,,9.8,0.123265306,,Default
,30/01/2016 04:58,United Kingdom,PAID,TRUE,01/02/2016 21:10,website,GBP,3.99,15.61,3.99,0,19.6,0,2401_2,Interlocking Hearts Cake Server Set,Default,1,15.61,0.826938776,15.61,15.61,12.90851429,,,9.8,3.108514286,,Default
,31/01/2016 18:50,United Kingdom,PAID,TRUE,02/02/2016 21:49,website,GBP,3.99,15.61,3.99,0,19.6,0,2401_3,Wedding Cake Knife & Sever Set Embracing Hearts (EKA01049) Brand New & Boxed,Default,1,15.61,0.826938776,15.61,15.61,12.90851429,,,9.8,3.108514286,,Default
,01/02/2016 21:27,United Kingdom,PAID,TRUE,02/02/2016 20:42,website,GBP,0,12,0,0,12,0,2401_spuk,interlocking hearts design cake knife/server set,Default,1,12,0.826938776,12,12,9.923265306,,,9.8,0.123265306,,Default
,08/02/2016 06:46,United Kingdom,PAID,TRUE,,website,GBP,0,12.57,0,0,12.57,0,2401_guk,"interlocking hearts design cake knife/server set. A perfect gift for that wedding, baby shower, birthday",Default,1,12.57,0.826938776,12.57,12.57,10.39462041,,,9.8,0.594620408,,Default
,17/02/2016 23:04,United Kingdom,PAID,TRUE,18/02/2016 21:12,website,GBP,3.99,15.61,3.99,0,19.6,0,2401_1,interlocking hearts design cake knife/server set,Default,1,15.61,0.826938776,15.61,15.61,12.90851429,,,9.8,3.108514286,,Default
,18/02/2016 15:33,United Kingdom,PAID,TRUE,19/02/2016 22:28,website,GBP,0,12.65,0,0,12.65,0,2401_guk,"interlocking hearts design cake knife/server set. A perfect gift for that wedding, baby shower, birthday",Default,1,12.65,0.826938776,12.65,12.65,10.46077551,,,9.8,0.66077551,,Default
,18/02/2016 19:04,United Kingdom,PAID,TRUE,19/02/2016 22:29,website,GBP,3.99,15.61,3.99,0,19.6,0,2401_2,Interlocking Hearts Cake Server Set,Default,1,15.61,0.826938776,15.61,15.61,12.90851429,,,9.8,3.108514286,,Default
,20/02/2016 20:55,United Kingdom,PAID,TRUE,22/02/2016 19:08,website,GBP,3.99,15.61,3.99,0,19.6,0,2401_3,Wedding Cake Knife & Sever Set Embracing Hearts (EKA01049) Brand New & Boxed,Default,1,15.61,0.826938776,15.61,15.61,12.90851429,,,9.8,3.108514286,,Default
,26/02/2016 14:09,United Kingdom,PAID,TRUE,29/02/2016 20:57,website,GBP,0,12.7,0,0,12.7,0,2401_guk,"interlocking hearts design cake knife/server set. A perfect gift for that wedding, baby shower, birthday",Default,1,12.7,0.826938776,12.7,12.7,10.50212245,,,9.8,0.702122449,,Default
,28/02/2016 03:32,United Kingdom,PAID,TRUE,29/02/2016 20:58,website,GBP,0,12.71,0,0,12.71,0,2401_guk,"interlocking hearts design cake knife/server set. A perfect gift for that wedding, baby shower, birthday",Default,1,12.71,0.826938776,12.71,12.71,10.51039184,,,9.8,0.710391837,,Default
,29/02/2016 04:23,United Kingdom,PAID,TRUE,29/02/2016 20:58,website,GBP,0,12.5,0,0,12.5,0,2401_22,"Interlocking hearts design cake knife/server set- 1, Garden, Lawn, Maintenance",Default,1,12.5,0.826938776,12.5,12.5,10.33673469,,,9.8,0.536734694,,Default
,29/02/2016 10:24,United Kingdom,PAID,TRUE,01/03/2016 21:29,website,GBP,0,12.72,0,0,12.72,0,2401_guk,"interlocking hearts design cake knife/server set. A perfect gift for that wedding, baby shower, birthday",Default,1,12.72,0.826938776,12.72,12.72,10.51866122,,,9.8,0.718661224,,Default
,02/03/2016 12:24,United Kingdom,PAID,TRUE,03/03/2016 17:01,website,GBP,3.99,15.61,3.99,0,19.6,0,2401_2,Interlocking Hearts Cake Server Set,Default,1,15.61,0.826938776,15.61,15.61,12.90851429,,,9.8,3.108514286,,Default
,04/03/2016 01:52,United Kingdom,PAID,TRUE,07/03/2016 22:55,website,GBP,0,12.75,0,0,12.75,0,2401_guk,"interlocking hearts design cake knife/server set. A perfect gift for that wedding, baby shower, birthday",Default,1,12.75,0.826938776,12.75,12.75,10.54346939,,,9.8,0.743469388,,Default
,06/03/2016 06:14,United Kingdom,PAID,TRUE,07/03/2016 22:48,website,GBP,0,12.76,0,0,12.76,0,2401_guk,"interlocking hearts design cake knife/server set. A perfect gift for that wedding, baby shower, birthday",Default,1,12.76,0.826938776,12.76,12.76,10.55173878,,,9.8,0.751738776,,Default
,07/03/2016 05:10,United Kingdom,PAID,TRUE,,website,GBP,0,12.77,0,0,12.77,0,2401_guk,"interlocking hearts design cake knife/server set. A perfect gift for that wedding, baby shower, birthday",Default,1,12.77,0.826938776,12.77,12.77,10.56000816,,,9.8,0.760008163,,Default
,07/03/2016 19:06,United Kingdom,PAID,TRUE,,website,GBP,0,12.78,0,0,12.78,0,2401_guk,"interlocking hearts design cake knife/server set. A perfect gift for that wedding, baby shower, birthday",Default,1,12.78,0.826938776,12.78,12.78,10.56827755,,,9.8,0.768277551,,Default
,09/03/2016 12:49,United Kingdom,PAID,TRUE,10/03/2016 18:31,website,GBP,0,12.78,0,0,12.78,0,2401_guk,"interlocking hearts design cake knife/server set. A perfect gift for that wedding, baby shower, birthday",Default,1,12.78,0.826938776,12.78,12.78,10.56827755,,,9.8,0.768277551,,Default
,09/03/2016 16:55,United Kingdom,PAID,TRUE,10/03/2016 18:27,website,GBP,0,12.78,0,0,12.78,0,2401_guk,"interlocking hearts design cake knife/server set. A perfect gift for that wedding, baby shower, birthday",Default,1,12.78,0.826938776,12.78,12.78,10.56827755,,,9.8,0.768277551,,Default
,11/03/2016 08:53,United Kingdom,PAID,TRUE,14/03/2016 19:00,website,GBP,3.99,15.61,3.99,0,19.6,0,2401_3,Wedding Cake Knife & Sever Set Embracing Hearts (EKA01049) Brand New & Boxed,Default,1,15.61,0.826938776,15.61,15.61,12.90851429,,,9.8,3.108514286,,Default
,12/03/2016 18:17,United Kingdom,PAID,TRUE,14/03/2016 18:52,website,GBP,3.99,15.61,3.99,0,19.6,0,2401_2,Interlocking Hearts Cake Server Set,Default,1,15.61,0.826938776,15.61,15.61,12.90851429,,,9.8,3.108514286,,Default
,14/03/2016 02:09,United Kingdom,PAID,TRUE,14/03/2016 18:52,website,GBP,3.99,15.61,3.99,0,19.6,0,2401_3,Wedding Cake Knife & Sever Set Embracing Hearts (EKA01049) Brand New & Boxed,Default,1,15.61,0.826938776,15.61,15.61,12.90851429,,,9.8,3.108514286,,Default
,14/03/2016 17:49,United Kingdom,PAID,TRUE,15/03/2016 20:20,website,GBP,3.99,15.61,3.99,0,19.6,0,2401_3,Wedding Cake Knife & Sever Set Embracing Hearts (EKA01049) Brand New & Boxed,Default,1,15.61,0.826938776,15.61,15.61,12.90851429,,,9.8,3.108514286,,Default
,14/03/2016 18:49,United Kingdom,PAID,TRUE,15/03/2016 20:19,website,GBP,3.99,15.61,3.99,0,19.6,0,2401_2,Interlocking Hearts Cake Server Set,Default,1,15.61,0.826938776,15.61,15.61,12.90851429,,,9.8,3.108514286,,Default
,14/03/2016 20:48,United Kingdom,PAID,TRUE,15/03/2016 20:20,website,GBP,0,12.5,0,0,12.5,0,2401_22,"Interlocking hearts design cake knife/server set- 1, Garden, Lawn, Maintenance",Default,1,12.5,0.826938776,12.5,12.5,10.33673469,,,9.8,0.536734694,,Default
,15/03/2016 12:50,United Kingdom,PAID,TRUE,16/03/2016 16:47,website,GBP,3.99,15.61,3.99,0,19.6,0,2401_2,Interlocking Hearts Cake Server Set,Default,1,15.61,0.826938776,15.61,15.61,12.90851429,,,9.8,3.108514286,,Default
,16/03/2016 15:07,United Kingdom,PAID,TRUE,16/03/2016 16:47,website,GBP,0,12.78,0,0,12.78,0,2401_guk,"interlocking hearts design cake knife/server set. A perfect gift for that wedding, baby shower, birthday",Default,1,12.78,0.826938776,12.78,12.78,10.56827755,,,9.8,0.768277551,,Default
,20/03/2016 12:05,United Kingdom,PAID,TRUE,21/03/2016 23:26,website,GBP,0,12.5,0,0,12.5,0,2401_22,"Interlocking hearts design cake knife/server set- 1, Garden, Lawn, Maintenance",Default,1,12.5,0.826938776,12.5,12.5,10.33673469,,0,9.8,0.536734694,,Default
,20/03/2016 15:18,United Kingdom,PAID,TRUE,21/03/2016 23:27,website,GBP,0,12.78,0,0,12.78,0,2401_guk,"interlocking hearts design cake knife/server set. A perfect gift for that wedding, baby shower, birthday",Default,1,12.78,0.826938776,12.78,12.78,10.56827755,,0,9.8,0.768277551,,Default
,20/03/2016 21:57,United Kingdom,PAID,TRUE,,website,GBP,0,12.5,0,0,12.5,0,2401_22,"Interlocking hearts design cake knife/server set- 1, Garden, Lawn, Maintenance",Default,1,12.5,0.826938776,12.5,12.5,10.33673469,,,9.8,0.536734694,,Default
,20/03/2016 23:23,United Kingdom,PAID,TRUE,,website,GBP,3.99,15.61,3.99,0,19.6,0,2401_3,Wedding Cake Knife & Sever Set Embracing Hearts (EKA01049) Brand New & Boxed,Default,1,15.61,0.826938776,15.61,15.61,12.90851429,,,9.8,3.108514286,,Default
,21/03/2016 18:19,United Kingdom,PAID,TRUE,,website,GBP,0,12.5,0,0,12.5,0,2401_22,"Interlocking hearts design cake knife/server set- 1, Garden, Lawn, Maintenance",Default,1,12.5,0.826938776,12.5,12.5,10.33673469,,,9.8,0.536734694,,Default
unknown,21/03/2016 19:26,UNKNOWN,UNPAID,TRUE,,website,GBP,0,0,0,0,0,0,2401_22,"Interlocking hearts design cake knife/server set- 1, Garden, Lawn, Maintenance",Default,1,0,0.826938776,0,0,0,,,9.8,-9.8,,Default
,22/03/2016 00:57,United Kingdom,PAID,TRUE,,website,GBP,0,12.5,0,0,12.5,0,2401_spuk,interlocking hearts design cake knife/server set,Default,1,12.5,0.826938776,12.5,12.5,10.33673469,,,9.8,0.536734694,,Default
,22/03/2016 09:37,United Kingdom,PAID,TRUE,,website,GBP,0,12.5,0,0,12.5,0,2401_spuk,interlocking hearts design cake knife/server set,Default,1,12.5,0.826938776,12.5,12.5,10.33673469,,,9.8,0.536734694,,Default
,23/03/2016 06:43,United Kingdom,PAID,TRUE,,website,GBP,0,12.5,0,0,12.5,0,2401_spuk,interlocking hearts design cake knife/server set,Default,1,12.5,0.826938776,12.5,12.5,10.33673469,,,9.8,0.536734694,,Default
,24/03/2016 07:16,United Kingdom,PAID,TRUE,29/03/2016 21:03,website,GBP,0,12.78,0,0,12.78,0,2401_guk,"interlocking hearts design cake knife/server set. A perfect gift for that wedding, baby shower, birthday",Default,1,12.78,0.826938776,12.78,12.78,10.56827755,,0,9.8,0.768277551,,Default
,27/03/2016 14:31,United Kingdom,PAID,TRUE,29/03/2016 21:00,website,GBP,0,12.5,0,0,12.5,0,2401_22,"Interlocking hearts design cake knife/server set- 1, Garden, Lawn, Maintenance",Default,1,12.5,0.826938776,12.5,12.5,10.33673469,,0,9.8,0.536734694,,Default
,28/03/2016 19:45,United Kingdom,PAID,TRUE,30/03/2016 21:59,website,GBP,0,12,0,0,12,0,2401_spuk,interlocking hearts design cake knife/server set,Default,1,12,0.826938776,12,12,9.923265306,,0,9.8,0.123265306,,Default
,30/03/2016 16:23,United Kingdom,PAID,TRUE,31/03/2016 21:26,website,GBP,3.99,15.61,3.99,0,19.6,0,2401_2,Interlocking Hearts Cake Server Set,Default,1,15.61,0.826938776,15.61,15.61,12.90851429,,0,9.8,3.108514286,,Default
,30/03/2016 18:36,United Kingdom,PAID,TRUE,31/03/2016 21:26,website,GBP,3.99,15.61,3.99,0,19.6,0,2401_2,Interlocking Hearts Cake Server Set,Default,1,15.61,0.826938776,15.61,15.61,12.90851429,,0,9.8,3.108514286,,Default
,31/03/2016 21:47,United Kingdom,PAID,TRUE,01/04/2016 21:26,website,GBP,3.99,15.61,3.99,0,19.6,0,2401_3,Wedding Cake Knife & Sever Set Embracing Hearts (EKA01049) Brand New & Boxed,Default,1,15.61,0.826938776,15.61,15.61,12.90851429,,0,9.8,3.108514286,,Default
,07/04/2016 21:08,United Kingdom,PAID,TRUE,08/04/2016 20:44,website,GBP,19.99,15.61,19.99,0,35.6,0,2401_3,Wedding Cake Knife & Sever Set Embracing Hearts (EKA01049) Brand New & Boxed,Default,1,15.61,0.826938776,15.61,15.61,12.90851429,,0,9.8,3.108514286,5989555827,Default
,08/04/2016 05:33,United Kingdom,PAID,TRUE,08/04/2016 20:39,website,GBP,0,12,0,0,12,0,2401_spuk,interlocking hearts design cake knife/server set,Default,1,12,0.826938776,12,12,9.923265306,,0,9.8,0.123265306,,Default
,09/04/2016 11:32,United Kingdom,PAID,TRUE,12/04/2016 21:47,website,GBP,3.99,15.61,3.99,0,19.6,0,2401_3,Wedding Cake Knife & Sever Set Embracing Hearts (EKA01049) Brand New & Boxed,Default,1,15.61,0.826938776,15.61,15.61,12.90851429,,0,9.8,3.108514286,,Default
,09/04/2016 19:49,United Kingdom,PAID,TRUE,12/04/2016 21:54,website,GBP,3.99,15.61,3.99,0,19.6,0,2401_3,Wedding Cake Knife & Sever Set Embracing Hearts (EKA01049) Brand New & Boxed,Default,1,15.61,0.826938776,15.61,15.61,12.90851429,,0,9.8,3.108514286,,Default
,12/04/2016 05:28,United Kingdom,PAID,TRUE,12/04/2016 21:49,website,GBP,3.99,15.61,3.99,0,19.6,0,2401_3,Wedding Cake Knife & Sever Set Embracing Hearts (EKA01049) Brand New & Boxed,Default,1,15.61,0.826938776,15.61,15.61,12.90851429,,0,9.8,3.108514286,,Default
,15/04/2016 10:01,United Kingdom,PAID,TRUE,19/04/2016 17:42,website,GBP,0,13.49,0,0,13.49,0,2401_guk,"interlocking hearts design cake knife/server set. A perfect gift for that wedding, baby shower, birthday",Default,1,13.49,0.826938776,13.49,13.49,11.15540408,,0,9.8,1.355404082,,Default
,18/04/2016 21:19,United Kingdom,PAID,TRUE,19/04/2016 18:42,website,GBP,3.99,15.61,3.99,0,19.6,0,2401_2,Interlocking Hearts Cake Server Set,Default,1,15.61,0.826938776,15.61,15.61,12.90851429,,0,9.8,3.108514286,,Default
,19/04/2016 14:34,United Kingdom,PAID,FALSE,,website,GBP,3.99,15.61,3.99,0,19.6,0,2401_3,Wedding Cake Knife & Sever Set Embracing Hearts (EKA01049) Brand New & Boxed,Default,1,15.61,0.826938776,15.61,15.61,12.90851429,,0,9.8,3.108514286,,Default
